<?xml version="1.0" encoding="UTF-8"?>

<!DOCTYPE log4j:configuration SYSTEM "log4j.dtd">

<log4j:configuration xmlns:log4j="http://jakarta.apache.org/log4j/"
	debug="false">

	<appender name="fileAppender" class="org.apache.log4j.RollingFileAppender">
		<param name="Threshold" value="INFO" />
		<param name="File" value="ExecutionLog.log" />
		 <param name="MaxFileSize" value="15000KB" />
		<layout class="org.apache.log4j.EnhancedPatternLayout">
			<param name="ConversionPattern" value="[%p] [%c{1}] [%M] %m %n %throwable{20}" />
		</layout>
	</appender>
	
	<appender name="console" class="org.apache.log4j.ConsoleAppender">
		<param name="Target" value="System.out" />
		<param name="threshold" value="info" />
		<layout class="org.apache.log4j.EnhancedPatternLayout">
			<param name="ConversionPattern" value="[%p] [%c{1}] [%M] %m %n %throwable{20}" />
		</layout>
	</appender>
	
	<!-- <appender name="parallellogger" class = "com.tcs.saf.utilities.ParallelLogger">
	    
	</appender> -->


	<root>
		<level value="INFO" />
		<appender-ref ref="console" />
		<appender-ref ref="fileAppender" />
		<!-- <appender-ref ref="parallellogger" /> -->
	</root>

</log4j:configuration>